<?xml version="1.0" encoding="UTF-8"?>
<project-private xmlns="http://www.netbeans.org/ns/project-private/1">
    <editor-bookmarks xmlns="http://www.netbeans.org/ns/editor-bookmarks/2" lastBookmarkId="0"/>
    <open-files xmlns="http://www.netbeans.org/ns/projectui-open-files/2">
        <group>
            <file>file:/D:/projetos/NetBeans/TCC/Animação/AppClasses/src/Classes/Pergunta.java</file>
            <file>file:/D:/projetos/NetBeans/TCC/Animação/AppClasses/src/Forms/jfClasses.java</file>
            <file>file:/D:/projetos/NetBeans/TCC/Animação/AppClasses/src/Forms/jfInfo.java</file>
        </group>
    </open-files>
</project-private>
